https://www.agentsview.io/docs/activity	200|text/markdown; charset=utf-8	md	14548
https://www.agentsview.io/docs/artifact-sync	200|text/markdown; charset=utf-8	md	5100
https://www.agentsview.io/docs/changelog	200|text/markdown; charset=utf-8	md	197807
https://www.agentsview.io/docs/chat-import	200|text/markdown; charset=utf-8	md	5354
https://www.agentsview.io/docs/clickhouse-sync	200|text/markdown; charset=utf-8	md	14411
https://www.agentsview.io/docs/commands	200|text/markdown; charset=utf-8	md	100982
https://www.agentsview.io/docs/configuration	200|text/markdown; charset=utf-8	md	124371
https://www.agentsview.io/docs/contributing	200|text/markdown; charset=utf-8	md	9939
https://www.agentsview.io/docs/conversation-export	200|text/markdown; charset=utf-8	md	8715
https://www.agentsview.io/docs/data	200|text/markdown; charset=utf-8	md	13270
https://www.agentsview.io/docs/duckdb	200|text/markdown; charset=utf-8	md	14914
https://www.agentsview.io/docs/filesystem-sync	200|text/markdown; charset=utf-8	md	7376
https://www.agentsview.io/docs/hosted-raw-sync	200|text/markdown; charset=utf-8	md	12499
https://www.agentsview.io/docs/index	200|text/markdown; charset=utf-8	md	6402
https://www.agentsview.io/docs/mcp	200|text/markdown; charset=utf-8	md	9598
https://www.agentsview.io/docs/one-shot-capture	200|text/markdown; charset=utf-8	md	20555
https://www.agentsview.io/docs/pg-sync	200|text/markdown; charset=utf-8	md	27708
https://www.agentsview.io/docs/quality	200|text/markdown; charset=utf-8	md	1544
https://www.agentsview.io/docs/quickstart	200|text/markdown; charset=utf-8	md	13103
https://www.agentsview.io/docs/recall	200|text/markdown; charset=utf-8	md	16254
https://www.agentsview.io/docs/recent-edits	200|text/markdown; charset=utf-8	md	2288
https://www.agentsview.io/docs/remote-access	200|text/markdown; charset=utf-8	md	28523
https://www.agentsview.io/docs/reporting-export	200|text/markdown; charset=utf-8	md	22904
https://www.agentsview.io/docs/semantic-search	200|text/markdown; charset=utf-8	md	53418
https://www.agentsview.io/docs/semantic-search-internals	200|text/markdown; charset=utf-8	md	42080
https://www.agentsview.io/docs/session-api	200|text/markdown; charset=utf-8	md	68011
https://www.agentsview.io/docs/session-export	200|text/markdown; charset=utf-8	md	18260
https://www.agentsview.io/docs/session-intelligence	200|text/markdown; charset=utf-8	md	7532
https://www.agentsview.io/docs/stats	200|text/markdown; charset=utf-8	md	8046
https://www.agentsview.io/docs/token-usage	200|text/markdown; charset=utf-8	md	54474
https://www.agentsview.io/docs/usage	200|text/markdown; charset=utf-8	md	65480
https://www.agentsview.io/guide	200|text/markdown; charset=utf-8	md	3920
https://www.agentsview.io/index	200|text/markdown; charset=utf-8	md	5239
